id,firstname,lastname,email,email2,profession
100,Berget,Artie,Berget.Artie@yopmail.com,Berget.Artie@gmail.com,worker
101,Taffy,Freddi,Taffy.Freddi@yopmail.com,Taffy.Freddi@gmail.com,firefighter
102,Lizzie,Louanna,Lizzie.Louanna@yopmail.com,Lizzie.Louanna@gmail.com,firefighter
103,Evaleen,Tomasina,Evaleen.Tomasina@yopmail.com,Evaleen.Tomasina@gmail.com,police officer
104,Jerry,Terencio,Jerry.Terencio@yopmail.com,Jerry.Terencio@gmail.com,doctor